ID,survey,z_abs,line,lam_obs_nm,arm,band_used,mag_cont,z_qso,forest_applies,mag_corr,mag_eff,sn_at_1hr,EW3sig_1hr_A,EW3sig_2hr_A,note
39628066921647023,DESI,3.949516,SiII1526,755.2961415999999,VIS,imag,18.281,4.030830565458142,False,0.0,18.281,92.81111710201688,0.017085424611713574,0.012081219602394205,
39628066921647023,DESI,3.949516,CII1334,660.2654344,VIS,rmag,18.6721,4.030830565458142,False,0.0,18.6721,64.73810758222646,0.02141248503443408,0.015140913369903803,
39628066921647023,DESI,3.949516,OI1302,644.4269832,VIS,rmag,18.6721,4.030830565458142,False,0.0,18.6721,64.73810758222646,0.020898842215017366,0.014777713049186467,
39628066921647023,DESI,3.949516,AlII1670,826.569172,VIS,zmag,18.2472,4.030830565458142,False,0.0,18.2472,95.74585903337771,0.018124570089559065,0.012816006416418085,
39627873329353669,DESI,2.136617,SiII1526,478.6477542,UVB,gmag,19.4232,2.379150252262983,False,0.0,19.4232,67.7204756792163,0.025829328022896177,0.01826409299848161,
39627873329353669,DESI,2.136617,CII1334,418.4247078,UVB,gmag,19.4232,2.379150252262983,False,0.0,19.4232,67.7204756792163,0.02257950431359338,0.01596612061597278,
39627873329353669,DESI,2.136617,OI1302,408.3875334,UVB,gmag,19.4232,2.379150252262983,True,0.17263381716644405,19.595833817166444,57.765225510923855,0.025835869676598122,0.018268718646174423,
39627873329353669,DESI,2.136617,AlII1670,523.8150390000001,UVB,gmag,19.4232,2.379150252262983,False,0.0,19.4232,51.3712342205627,0.03726276222149834,0.02634875185256337,
39627544298786261,DESI,2.368899,SiII1526,514.0939874,UVB,gmag,19.4343,2.578142305095886,False,0.0,19.4343,50.84871706963217,0.0369470362537407,0.026125499879765257,
39627544298786261,DESI,2.368899,CII1334,449.4111266,UVB,gmag,19.4343,2.578142305095886,False,0.0,19.4343,67.03166392399086,0.02450083596545293,0.017324707255911016,
39627544298786261,DESI,2.368899,OI1302,438.63064979999996,UVB,gmag,19.4343,2.578142305095886,False,0.0,19.4343,67.03166392399086,0.023913109765382086,0.016909122074359923,
39627544298786261,DESI,2.368899,AlII1670,562.606133,VIS,rmag,19.0663,2.578142305095886,False,0.0,19.0663,45.02772447771867,0.02623209475853259,0.018548892088486483,
356960035,SDSS,2.457676,SiII1526,527.6413576,UVB,gmag,19.6254,2.467627,False,0.0,19.6254,42.64223900450016,0.04521847496018855,0.03197429027926342,
356960035,SDSS,2.457676,CII1334,461.25397840000005,UVB,gmag,19.6254,2.467627,False,0.0,19.6254,56.21341891481522,0.029985908206516906,0.021203239032865445,
356960035,SDSS,2.457676,OI1302,450.1894152,UVB,gmag,19.6254,2.467627,False,0.0,19.6254,56.21341891481522,0.029266606060633436,0.020694615607789214,
356960035,SDSS,2.457676,AlII1670,577.4318920000001,VIS,rmag,19.4628,2.467627,False,0.0,19.4628,31.252157187968386,0.038790848288369026,0.027429271872684312,
39628061435498050,DESI,2.28615,SiII1526,501.46649,UVB,gmag,18.6205,2.4350312347648586,False,0.0,18.6205,107.59695972076858,0.017031739233526338,0.012043258307427442,
39628061435498050,DESI,2.28615,CII1334,438.37241000000006,UVB,gmag,18.6205,2.4350312347648586,False,0.0,18.6205,141.84041720008562,0.011294325377038844,0.007986294063031476,
39628061435498050,DESI,2.28615,OI1302,427.85672999999997,UVB,gmag,18.6205,2.4350312347648586,False,0.0,18.6205,141.84041720008562,0.011023397032162346,0.007794718793153656,
39628061435498050,DESI,2.28615,AlII1670,548.78705,UVB,gmag,18.6205,2.4350312347648586,False,0.0,18.6205,107.59695972076858,0.018638928256873515,0.013179712564484816,
357580815,SDSS,2.437829,SiII1526,524.6127054,UVB,gmag,20.0396,2.441141,False,0.0,20.0396,29.117896634399884,0.06584091937205228,0.046556560567534884,
357580815,SDSS,2.437829,CII1334,458.6063886,UVB,gmag,20.0396,2.441141,False,0.0,20.0396,38.3848634508866,0.043661352273849596,0.030873238268613733,
357580815,SDSS,2.437829,OI1302,447.6053357999999,UVB,gmag,20.0396,2.441141,False,0.0,20.0396,38.3848634508866,0.0426140034936673,0.030132650843879366,
357580815,SDSS,2.437829,AlII1670,574.117443,VIS,rmag,20.2365,2.441141,False,0.0,20.2365,15.324982949611663,0.07865190614022916,0.05561529618500389,
167657155,SDSS,2.539029,SiII1526,540.0558254,UVB,gmag,19.3105,3.251141,False,0.0,19.3105,56.990176237974225,0.03463025880129181,0.024487290832638557,
167657155,SDSS,2.539029,CII1334,472.1064686,UVB,gmag,19.3105,3.251141,True,0.27709110272242604,19.587591102722428,58.20543762909489,0.02964104250955867,0.020959382159947654,
167657155,SDSS,2.539029,OI1302,460.7815758,UVB,gmag,19.3105,3.251141,True,0.27709110272242604,19.587591102722428,58.20543762909489,0.028930013004081996,0.020456608375001385,
167657155,SDSS,2.539029,AlII1670,591.0178430000001,VIS,rmag,18.6287,3.251141,False,0.0,18.6287,67.3782923606445,0.01841573695117378,0.013021892478722655,
39627829331105031,DESI,2.112898,SiII1526,475.02823479999995,UVB,gmag,20.383,2.6625251685917912,False,0.0,20.383,27.976926378546537,0.062049245672927605,0.04387544238283715,
39627829331105031,DESI,2.112898,CII1334,415.2605932,UVB,gmag,20.383,2.6625251685917912,True,0.16757267234642492,20.550572672346423,23.975679864855923,0.06329463081985383,0.04475606266541769,
39627829331105031,DESI,2.112898,OI1302,405.29931959999993,UVB,gmag,20.383,2.6625251685917912,True,0.16757267234642492,20.550572672346423,23.975679864855923,0.06177631883616916,0.043682453965797466,
39627829331105031,DESI,2.112898,AlII1670,519.853966,UVB,gmag,20.383,2.6625251685917912,False,0.0,20.383,21.222668969007824,0.08951554161548739,0.06329704649789772,
39627673214913842,DESI,2.280463,SiII1526,500.5986538,UVB,gmag,19.8935,2.4147956272780213,False,0.0,19.8935,33.31194570682001,0.054916994296096325,0.03883217906915266,
39627673214913842,DESI,2.280463,CII1334,437.61376420000005,UVB,gmag,19.8935,2.4147956272780213,False,0.0,19.8935,43.91369690244069,0.03641732613473548,0.025750938262553535,
39627673214913842,DESI,2.280463,OI1302,427.1162826,UVB,gmag,19.8935,2.4147956272780213,False,0.0,19.8935,43.91369690244069,0.03554374709702067,0.025133224601082978,
39627673214913842,DESI,2.280463,AlII1670,547.837321,UVB,gmag,19.8935,2.4147956272780213,False,0.0,19.8935,33.31194570682001,0.060099200835177495,0.042496552454446224,
39628019890914673,DESI,3.924484,SiII1526,751.4762583999999,VIS,imag,19.27,4.146649865624052,False,0.0,19.27,37.325015779572055,0.04226917531622693,0.02988882050126709,
39628019890914673,DESI,3.924484,CII1334,656.9261656,VIS,rmag,19.5753,4.146649865624052,False,0.0,19.5753,28.176042908596916,0.048949140528386406,0.03461226920087529,
39628019890914673,DESI,3.924484,OI1302,641.1678167999999,VIS,rmag,19.5753,4.146649865624052,False,0.0,19.5753,28.176042908596916,0.04777494825184339,0.033781989879714855,
39628019890914673,DESI,3.924484,AlII1670,822.388828,VIS,zmag,19.2466,4.146649865624052,False,0.0,19.2466,38.13818314844537,0.04527158629444918,0.032011845663876985,
357433147,SDSS,2.62814253,SiII1526,553.6545500779999,UVB,rmag,19.0646,2.632283,False,0.0,19.0646,71.47596047445663,0.02830713757047433,0.02001616893206289,
357433147,SDSS,2.62814253,CII1334,483.994213502,UVB,gmag,19.3532,2.632283,False,0.0,19.3532,72.23039668732015,0.024487094175860872,0.01731499034330484,
357433147,SDSS,2.62814253,OI1302,472.38415740599993,UVB,gmag,19.3532,2.632283,False,0.0,19.3532,72.23039668732015,0.02389969761392118,0.016899638251111616,
357433147,SDSS,2.62814253,AlII1670,605.89980251,VIS,rmag,19.0646,2.632283,False,0.0,19.0646,45.09828221513441,0.028206507869537878,0.01994501298814195,
39627630147799297,DESI,2.194707547121217,SiII1526,487.5123716906977,UVB,gmag,19.8147,2.38435995150015,False,0.0,19.8147,47.219349512424024,0.0377296453958822,0.026678888111192102,
39627630147799297,DESI,2.194707547121217,CII1334,426.1739867859704,UVB,gmag,19.8147,2.38435995150015,False,0.0,19.8147,47.219349512424024,0.032982534048562814,0.023322173486454958,
39627630147799297,DESI,2.194707547121217,OI1302,415.9509226351824,UVB,gmag,19.8147,2.38435995150015,False,0.0,19.8147,47.219349512424024,0.03219134882400957,0.02276272104899876,
39627630147799297,DESI,2.194707547121217,AlII1670,533.5161603692433,UVB,gmag,19.8147,2.38435995150015,False,0.0,19.8147,35.81953964759006,0.0544307929281765,0.038488382784874375,
39627914995566750,DESI,2.699287007740914,SiII1526,564.5111973812635,VIS,rmag,20.0137,2.8693249472720384,False,0.0,20.0137,18.815683536480627,0.06298847170604423,0.04453957547992085,
39627914995566750,DESI,2.699287007740914,CII1334,493.484886832638,UVB,gmag,20.1025,2.8693249472720384,False,0.0,20.1025,36.2242998416699,0.04978413193343802,0.03520269728561976,
39627914995566750,DESI,2.699287007740914,OI1302,481.64716840786696,UVB,gmag,20.1025,2.8693249472720384,False,0.0,20.1025,36.2242998416699,0.048589909878063185,0.03435825477202169,
39627914995566750,DESI,2.699287007740914,AlII1670,617.7809302927327,VIS,rmag,20.0137,2.8693249472720384,False,0.0,20.0137,18.815683536480627,0.06893233797450449,0.04874252362481508,
337474503,SDSS,3.14747982,SiII1526,632.905420532,VIS,rmag,18.4842,3.245563,False,0.0,18.4842,76.96973653755192,0.017263439437750848,0.012207095093036906,
337474503,SDSS,3.14747982,CII1334,553.273807988,UVB,rmag,18.4842,3.245563,False,0.0,18.4842,121.98881146389152,0.01657437624624722,0.011719853837658643,
337474503,SDSS,3.14747982,OI1302,540.001872564,UVB,gmag,18.9938,3.245563,False,0.0,18.9938,76.29217565072604,0.025866183127203464,0.018290153492658626,
337474503,SDSS,3.14747982,AlII1670,692.62912994,VIS,imag,18.5335,3.245563,False,0.0,18.5335,73.55293378672715,0.019770118074632057,0.013979584555431055,
39628055039184537,DESI,2.610530213282852,SiII1526,550.9669105469632,UVB,rmag,19.7892,2.9195951318570774,False,0.0,19.7892,36.670767532738736,0.05490635318225172,0.038824654665393754,
39628055039184537,DESI,2.610530213282852,CII1334,481.6447304519325,UVB,gmag,20.928,2.9195951318570774,False,0.0,20.928,16.935577086915174,0.1039307102664907,0.07349011000296991,
39628055039184537,DESI,2.610530213282852,OI1302,470.09103376942727,UVB,gmag,20.928,2.9195951318570774,True,0.2996919521392876,21.22769195213929,12.85059448476053,0.13368289156477975,0.09452807915408167,
39628055039184537,DESI,2.610530213282852,AlII1670,602.9585456182363,VIS,rmag,19.7892,2.9195951318570774,False,0.0,19.7892,23.13769010250732,0.054711165311825585,0.03868663599861008,
286256548,SDSS,3.35897424,SiII1526,665.179469024,VIS,rmag,19.0219,3.371,False,0.0,19.0219,46.90725295929862,0.02977195449114682,0.021051950909867202,
286256548,SDSS,3.35897424,CII1334,581.4871636160001,VIS,rmag,19.0219,3.371,False,0.0,19.0219,46.90725295929862,0.02602607293000646,0.018403212656463205,
286256548,SDSS,3.35897424,OI1302,567.538446048,VIS,rmag,19.0219,3.371,False,0.0,19.0219,46.90725295929862,0.025401759336483063,0.01796175628089587,
286256548,SDSS,3.35897424,AlII1670,727.94869808,VIS,imag,18.9062,3.371,False,0.0,18.9062,52.18191343448844,0.02928797087492084,0.020709722812850627,
39627932607450554,DESI,2.655987785122647,SiII1526,557.9037360097159,UVB,rmag,20.2168,2.83010995336816,False,0.0,20.2168,24.73318238283554,0.08243209771370574,0.058288295280793434,
39627932607450554,DESI,2.655987785122647,CII1334,487.7087705353611,UVB,gmag,20.5743,2.83010995336816,False,0.0,20.5743,23.457406828069686,0.07597971282936736,0.05372577017425218,
39627932607450554,DESI,2.655987785122647,OI1302,476.0096096229686,UVB,gmag,20.5743,2.83010995336816,False,0.0,20.5743,23.457406828069686,0.07415711102236604,0.052436996077118686,
39627932607450554,DESI,2.655987785122647,AlII1670,610.549960115482,VIS,rmag,20.2168,2.83010995336816,False,0.0,20.2168,15.60558307681821,0.08213905793460967,0.05808108486583719,
39628029600728208,DESI,2.4450306987748185,SiII1526,525.7116846330373,UVB,gmag,20.1338,2.632546996246901,False,0.0,20.1338,26.698078151050076,0.0719589324997722,0.05088264913753396,
39628029600728208,DESI,2.4450306987748185,CII1334,459.5670952165608,UVB,gmag,20.1338,2.632546996246901,False,0.0,20.1338,35.194921429127376,0.04771841479565273,0.033742014689478524,
39628029600728208,DESI,2.4450306987748185,OI1302,448.54299698048135,UVB,gmag,20.1338,2.632546996246901,False,0.0,20.1338,35.194921429127376,0.0465737451753672,0.032932611038756394,
39628029600728208,DESI,2.4450306987748185,AlII1670,575.3201266953947,VIS,rmag,19.8311,2.632546996246901,False,0.0,19.8311,22.26178581485598,0.05425728745104973,0.038365695885425016,
39628353837207447,DESI,2.2244146316574,SiII1526,492.04567279091924,UVB,gmag,19.4728,2.377078358719489,False,0.0,19.4728,64.69638283373071,0.02779345255254878,0.019652938772493803,
39628353837207447,DESI,2.2244146316574,CII1334,430.13691186309717,UVB,gmag,19.4728,2.377078358719489,False,0.0,19.4728,64.69638283373071,0.024296504393905682,0.017180223016059454,
39628353837207447,DESI,2.2244146316574,OI1302,419.81878504179343,UVB,gmag,19.4728,2.377078358719489,False,0.0,19.4728,64.69638283373071,0.023713679700798497,0.016768103723320393,
39628353837207447,DESI,2.2244146316574,AlII1670,538.4772434867858,UVB,gmag,19.4728,2.377078358719489,False,0.0,19.4728,49.07722520317112,0.0400963127210305,0.028352374625617092,
39628468111017219,DESI,4.072698537279735,SiII1526,774.0937967888876,VIS,imag,19.557,4.152287530689613,False,0.0,19.557,28.654972763642427,0.05671554341529764,0.040103945347637,
39628468111017219,DESI,4.072698537279735,CII1334,676.6979848731168,VIS,rmag,19.9441,4.152287530689613,False,0.0,19.9441,20.061342844853364,0.07081795695893886,0.05007585759544271,
39628468111017219,DESI,4.072698537279735,OI1302,660.4653495538215,VIS,rmag,19.9441,4.152287530689613,False,0.0,19.9441,20.061342844853364,0.06911917538271242,0.048874637623138234,
39628468111017219,DESI,4.072698537279735,AlII1670,847.1406557257158,VIS,zmag,19.5027,4.152287530689613,False,0.0,19.5027,30.1245105908135,0.059039685466933195,0.041747361952789316,
220877041,SDSS,3.11987842,SiII1526,628.693446892,VIS,rmag,19.2984,3.12,False,0.0,19.2984,36.36135007989789,0.03630006844453641,0.025668024554667504,
220877041,SDSS,3.11987842,CII1334,549.5917812280001,UVB,rmag,19.2984,3.12,False,0.0,19.2984,57.62885621032554,0.03485116591822435,0.02464349575303392,
220877041,SDSS,3.11987842,OI1302,536.408170284,UVB,gmag,19.6089,3.12,False,0.0,19.6089,43.295224904229315,0.045276460280364875,0.03201529209236938,
220877041,SDSS,3.11987842,AlII1670,688.01969614,VIS,imag,19.0632,3.12,False,0.0,19.0632,45.156471597268,0.031988168971980396,0.022619051197828453,
39628309717322250,DESI,2.6535545142856507,SiII1526,557.5324188799902,UVB,rmag,20.4281,2.846769781190515,False,0.0,20.4281,20.359166776406234,0.10007537071069678,0.07076397325929129,
39628309717322250,DESI,2.6535545142856507,CII1334,487.38417220570585,UVB,gmag,20.985,2.846769781190515,False,0.0,20.985,16.06941253012878,0.11083795479840801,0.07837426945080234,
39628309717322250,DESI,2.6535545142856507,OI1302,475.69279775999166,UVB,gmag,20.985,2.846769781190515,False,0.0,20.985,16.06941253012878,0.10817917327400839,0.07649422700520585,
39628309717322250,DESI,2.6535545142856507,AlII1670,610.1436038857037,VIS,rmag,20.4281,2.846769781190515,False,0.0,20.4281,12.845765805070656,0.09971961045056273,0.0705124127668738,
39628190045439524,DESI,2.705039678422576,SiII1526,565.3890549272851,VIS,rmag,20.1319,2.8570562709872918,False,0.0,20.1319,16.874853066089855,0.07034219356255739,0.04973944207162105,
39628190045439524,DESI,2.705039678422576,CII1334,494.2522931015717,UVB,gmag,20.3395,2.8570562709872918,False,0.0,20.3395,29.120578615296957,0.06202485748313047,0.043858197328450726,
39628190045439524,DESI,2.705039678422576,OI1302,482.39616613061935,UVB,gmag,20.3395,2.8570562709872918,False,0.0,20.3395,29.120578615296957,0.060537004829861955,0.04280612662791817,
39628190045439524,DESI,2.705039678422576,AlII1670,618.7416262965702,VIS,rmag,20.1319,2.8570562709872918,False,0.0,20.1319,16.874853066089855,0.07697998902324435,0.05443307225400207,
191300069,SDSS,2.30890547,SiII1526,504.938974722,UVB,gmag,20.206,2.31173,False,0.0,20.206,24.980435187141488,0.07386793800209679,0.05223251987355011,
191300069,SDSS,2.30890547,CII1334,441.407989698,UVB,gmag,20.206,2.31173,False,0.0,20.206,32.93062701752086,0.04898434125179349,0.03463715987109911,
191300069,SDSS,2.30890547,OI1302,430.81949219399996,UVB,gmag,20.206,2.31173,False,0.0,20.206,32.93062701752086,0.047809304580086295,0.03380628347239209,
191300069,SDSS,2.30890547,AlII1670,552.58721349,UVB,rmag,19.8287,2.31173,False,0.0,19.8287,35.360630489756396,0.05710812659038139,0.04038154357291846,
39627789938203693,DESI,2.142762907020656,SiII1526,479.5856196113521,UVB,gmag,20.1278,2.562433664915888,False,0.0,20.1278,35.389954151550185,0.04952257682872724,0.03501774989742482,
39627789938203693,DESI,2.142762907020656,CII1334,419.24457179655553,UVB,gmag,20.1278,2.562433664915888,True,0.17396359354896312,20.301763593548962,30.150503050060877,0.05081477042226445,0.03593146875002079,
39627789938203693,DESI,2.142762907020656,OI1302,409.1877304940894,UVB,gmag,20.1278,2.562433664915888,True,0.17396359354896312,20.301763593548962,30.150503050060877,0.049595825404638916,0.03506954446216422,
39627789938203693,DESI,2.142762907020656,AlII1670,524.8414054724495,UVB,gmag,20.1278,2.562433664915888,False,0.0,20.1278,26.84602560067691,0.07144390296677305,0.05051846826223892,
39628025532256101,DESI,2.5867952798588427,SiII1526,547.3449597064593,UVB,gmag,20.9961,2.688769736067351,False,0.0,20.9961,12.065907733582188,0.16577468269742307,0.11722040228439606,
39628025532256101,DESI,2.5867952798588427,CII1334,478.47849033316965,UVB,gmag,20.9961,2.688769736067351,False,0.0,20.9961,15.905964176594596,0.10993082855416728,0.07773283433210743,
39628025532256101,DESI,2.5867952798588427,OI1302,467.0007454376213,UVB,gmag,20.9961,2.688769736067351,False,0.0,20.9961,15.905964176594596,0.10729380717955453,0.07586817863598488,
39628025532256101,DESI,2.5867952798588427,AlII1670,598.9948117364268,VIS,rmag,20.6441,2.688769736067351,False,0.0,20.6441,10.528342387607415,0.11944598909722905,0.08446106887618508,
144875103,SDSS,2.61313545,SiII1526,551.36446967,UVB,rmag,19.4151,2.6555,False,0.0,19.4151,51.755916079492806,0.03893102682070715,0.02752839306347738,
144875103,SDSS,2.61313545,CII1334,481.99226903000005,UVB,gmag,19.9257,2.6555,False,0.0,19.9257,42.63045814609724,0.041317796709652674,0.02921609423708263,
144875103,SDSS,2.61313545,OI1302,470.43023559,UVB,gmag,19.9257,2.6555,False,0.0,19.9257,42.63045814609724,0.04032666515439863,0.028515258393314525,
144875103,SDSS,2.61313545,AlII1670,603.3936201500001,VIS,rmag,19.4151,2.6555,False,0.0,19.4151,32.65577537065652,0.03879263000907746,0.027430531739479437,
39628055584442937,DESI,2.322809590252988,SiII1526,507.06074347260596,UVB,gmag,20.4796,2.49712569135301,False,0.0,20.4796,19.416010581080364,0.09543706414381065,0.067484195232624,
39628055584442937,DESI,2.322809590252988,CII1334,443.26279933974865,UVB,gmag,20.4796,2.49712569135301,False,0.0,20.4796,25.59528678439171,0.06328756216204416,0.04475106436954658,
39628055584442937,DESI,2.322809590252988,OI1302,432.629808650939,UVB,gmag,20.4796,2.49712569135301,False,0.0,20.4796,25.59528678439171,0.06176941974136543,0.043677575569077684,
39628055584442937,DESI,2.322809590252988,AlII1670,554.909201572249,UVB,rmag,20.0796,2.49712569135301,False,0.0,20.0796,28.06467388311736,0.07225684729331774,0.05109330670826581,
145966598,SDSS,3.60028036,SiII1526,702.002782936,VIS,imag,19.062,3.703,False,0.0,19.062,45.20640796485008,0.03260223279418785,0.02305325989059267,
145966598,SDSS,3.60028036,CII1334,613.677400024,VIS,rmag,19.2323,3.703,False,0.0,19.2323,38.64381550369458,0.03334023373054977,0.0235751053572162,
145966598,SDSS,3.60028036,OI1302,598.956502872,VIS,rmag,19.2323,3.703,False,0.0,19.2323,38.64381550369458,0.0325404680038799,0.023009585588527354,
145966598,SDSS,3.60028036,AlII1670,768.24682012,VIS,imag,19.062,3.703,False,0.0,19.062,45.20640796485008,0.03567872134095262,0.025228665804252787,
39627660296454227,DESI,2.743969598294387,SiII1526,571.3297606997234,VIS,rmag,19.5014,2.8316058191015463,False,0.0,19.5014,30.16060160267496,0.03976997861871455,0.028121621568937064,
39627660296454227,DESI,2.743969598294387,CII1334,499.44554441247124,UVB,gmag,19.7236,2.8316058191015463,False,0.0,19.7236,51.352311844307295,0.03554227519997902,0.025132183812703615,
39627660296454227,DESI,2.743969598294387,OI1302,487.4648416979291,UVB,gmag,19.7236,2.8316058191015463,False,0.0,19.7236,51.352311844307295,0.034689686889334846,0.02452931283668674,
39627660296454227,DESI,2.743969598294387,AlII1670,625.2429229151626,VIS,rmag,19.5014,2.8316058191015463,False,0.0,19.5014,30.16060160267496,0.043522846850100466,0.03077530014424961,
39628311462151649,DESI,2.039721858674863,SiII1526,463.86155563378406,UVB,gmag,19.7456,2.059345543694951,False,0.0,19.7456,50.32224409365359,0.03368569113456196,0.023819380630204327,
39628311462151649,DESI,2.039721858674863,CII1334,405.49889594722674,UVB,gmag,19.7456,2.059345543694951,False,0.0,19.7456,50.32224409365359,0.029447386614354955,0.020822446763232354,
39628311462151649,DESI,2.039721858674863,OI1302,395.7717859994671,UVB,gmag,19.7456,2.059345543694951,False,0.0,19.7456,50.32224409365359,0.028741002527653783,0.020322957785403693,
39628311462151649,DESI,2.039721858674863,AlII1670,507.6335503987021,UVB,gmag,19.7456,2.059345543694951,False,0.0,19.7456,38.17332589459038,0.048596769451428906,0.034363105222864634,
212390691,SDSS,3.44820054,SiII1526,678.795402404,VIS,rmag,19.512,3.854,False,0.0,19.512,29.867577550334868,0.04771417317377745,0.033739015409887274,
212390691,SDSS,3.44820054,CII1334,593.3899520360001,VIS,rmag,19.512,3.854,False,0.0,19.512,29.867577550334868,0.04171081717812524,0.02949400167548469,
212390691,SDSS,3.44820054,OI1302,579.1557103079999,VIS,rmag,19.512,3.854,True,0.6790152220707137,20.191015222070714,15.98063054399705,0.07608690908331144,0.05380156937233384,
212390691,SDSS,3.44820054,AlII1670,742.8494901800001,VIS,imag,19.3474,3.854,False,0.0,19.3474,34.756817218071646,0.0448713710839672,0.03172885077461117,
39627896179918338,DESI,2.050311305292016,SiII1526,465.47750518756163,UVB,gmag,19.6717,2.2989786043449603,False,0.0,19.6717,53.8666540502095,0.0315788114442167,0.02232959171401698,
39627896179918338,DESI,2.050311305292016,CII1334,406.91152812595493,UVB,gmag,19.6717,2.2989786043449603,False,0.0,19.6717,53.8666540502095,0.02760559270418419,0.01952010179980252,
39627896179918338,DESI,2.050311305292016,OI1302,397.15053194902043,UVB,gmag,19.6717,2.2989786043449603,True,0.15474832230626626,19.826448322306266,46.71116200254761,0.03107073734137173,0.02197032907055003,
39627896179918338,DESI,2.050311305292016,AlII1670,509.4019879837667,UVB,gmag,19.6717,2.2989786043449603,False,0.0,19.6717,40.862035804343854,0.04555727276529571,0.03221385650470582,
215894597,SDSS,2.38753969,SiII1526,516.938556694,UVB,gmag,19.8248,2.42,False,0.0,19.8248,35.48787542954027,0.053232395237077956,0.0376409876509403,
215894597,SDSS,2.38753969,CII1334,451.897794646,UVB,gmag,19.8248,2.42,False,0.0,19.8248,46.782130922041844,0.03530021122113029,0.02496101873177868,
215894597,SDSS,2.38753969,OI1302,441.057667638,UVB,gmag,19.8248,2.42,False,0.0,19.8248,46.782130922041844,0.03445342954266239,0.024362253664749506,
215894597,SDSS,2.38753969,AlII1670,565.71912823,VIS,rmag,19.5758,2.42,False,0.0,19.5758,28.163070348592267,0.04217250261263725,0.029820462577003187,
39628108478811333,DESI,1.974372757453228,SiII1526,453.88928278736256,UVB,gmag,19.6701,2.180072548442149,False,0.0,19.6701,53.946093403872446,0.030747301783734304,0.02174162559446775,
39628108478811333,DESI,1.974372757453228,CII1334,396.7813258442606,UVB,gmag,19.6701,2.180072548442149,False,0.0,19.6701,53.946093403872446,0.02687870286992239,0.019006113068820437,
39628108478811333,DESI,1.974372757453228,OI1302,387.26333302041024,UVB,gmag,19.6701,2.180072548442149,False,0.0,19.6701,53.946093403872446,0.026233936384287067,0.01855019431454588,
39628108478811333,DESI,1.974372757453228,AlII1670,496.7202504946891,UVB,gmag,19.6701,2.180072548442149,False,0.0,19.6701,53.946093403872446,0.03364875096909324,0.02379325998870324,
39627715044705448,DESI,2.4414147152247785,SiII1526,525.1598855433011,UVB,gmag,20.195,2.6520559437378104,False,0.0,20.195,25.234807724805727,0.07605164759873687,0.05377663573747644,
39627715044705448,DESI,2.4414147152247785,CII1334,459.08472301098544,UVB,gmag,20.195,2.6520559437378104,False,0.0,20.195,33.26595532940044,0.05043243333301009,0.035661115601509905,
39627715044705448,DESI,2.4414147152247785,OI1302,448.07219592226613,UVB,gmag,20.195,2.6520559437378104,False,0.0,20.195,33.26595532940044,0.04922265981977445,0.03480567654660112,
39627715044705448,DESI,2.4414147152247785,AlII1670,574.716257442538,VIS,rmag,20.0498,2.6520559437378104,False,0.0,20.0498,18.20036090770715,0.06629518591765159,0.046877775522394347,
39627865427280023,DESI,2.133311154553427,SiII1526,478.1432821848529,UVB,gmag,20.4803,2.465541127031356,False,0.0,20.4803,25.578790211605753,0.0683117074323383,0.04830367155983789,
39627865427280023,DESI,2.133311154553427,CII1334,417.98370801742715,UVB,gmag,20.4803,2.465541127031356,True,0.17192167836159888,20.6522216783616,21.83289512631633,0.06996246583717594,0.04947093402199927,
39627865427280023,DESI,2.133311154553427,OI1302,407.9571123228561,UVB,gmag,20.4803,2.465541127031356,True,0.17192167836159888,20.6522216783616,21.83289512631633,0.06828420578710873,0.04828422496000227,
39627865427280023,DESI,2.133311154553427,AlII1670,523.2629628104223,UVB,gmag,20.4803,2.465541127031356,False,0.0,20.4803,19.403496650900102,0.09855010199024003,0.0696854454039246,
39627928991962339,DESI,3.851982771924405,SiII1526,740.4125709956642,VIS,imag,19.4612,4.115066011185165,False,0.0,19.4612,31.29824601994356,0.04966635565069108,0.035119416877426465,
39627928991962339,DESI,3.851982771924405,CII1334,647.2545017747157,VIS,rmag,19.6878,4.115066011185165,False,0.0,19.6878,25.40270705833796,0.053493817295366106,0.03782584096110759,
39627928991962339,DESI,3.851982771924405,OI1302,631.7281569045574,VIS,rmag,19.6878,4.115066011185165,False,0.0,19.6878,25.40270705833796,0.052210607285282346,0.0369184744612909,
39627928991962339,DESI,3.851982771924405,AlII1670,810.2811229113756,VIS,zmag,19.3213,4.115066011185165,False,0.0,19.3213,35.60245941199665,0.04778198984220451,0.03378696903600954,
94135026,SDSS,3.60770112,SiII1526,703.135190912,VIS,imag,19.9161,3.835,False,0.0,19.9161,20.58543269160113,0.07171125856726374,0.05070751722033408,
94135026,SDSS,3.60770112,CII1334,614.667329408,VIS,rmag,20.0546,3.835,False,0.0,20.0546,18.120075379113146,0.07121781425367034,0.05035859940005426,
94135026,SDSS,3.60770112,OI1302,599.9226858239999,VIS,rmag,20.0546,3.835,False,0.0,20.0546,18.120075379113146,0.06950944089825996,0.049150597015645156,
94135026,SDSS,3.60770112,AlII1670,769.4860870399999,VIS,imag,19.9161,3.835,False,0.0,19.9161,20.58543269160113,0.07847824495893213,0.05549249918607989,
39627595309908260,DESI,2.40745511250663,SiII1526,519.9776501685117,UVB,gmag,19.8149,2.5891701670149136,False,0.0,19.8149,35.812942052227164,0.053059329696562046,0.03751861183365178,
39627595309908260,DESI,2.40745511250663,CII1334,454.55451200838445,UVB,gmag,19.8149,2.5891701670149136,False,0.0,19.8149,47.21065218787862,0.035185445576862304,0.024879867166469546,
39627595309908260,DESI,2.40745511250663,OI1302,443.65065564836317,UVB,gmag,19.8149,2.5891701670149136,False,0.0,19.8149,47.21065218787862,0.03434141689735736,0.024283048763675676,
39627595309908260,DESI,2.40745511250663,AlII1670,569.0450037886072,VIS,rmag,19.2695,2.5891701670149136,False,0.0,19.2695,37.34220854303422,0.031993011707948035,0.022622475529270665,
39627568680275261,DESI,2.3502516050511044,SiII1526,511.2483949307985,UVB,gmag,19.6323,2.5580434043502898,False,0.0,19.6323,42.372101115580996,0.044092938201718175,0.031178415604874297,
39627568680275261,DESI,2.3502516050511044,CII1334,446.92356411381735,UVB,gmag,19.6323,2.5580434043502898,False,0.0,19.6323,55.85730782240815,0.029239526512922227,0.020675467475971147,
39627568680275261,DESI,2.3502516050511044,OI1302,436.20275897765373,UVB,gmag,19.6323,2.5580434043502898,False,0.0,19.6323,55.85730782240815,0.028538128575580753,0.020179504238166737,
39627568680275261,DESI,2.3502516050511044,AlII1670,559.4920180435345,UVB,rmag,19.0451,2.5580434043502898,False,0.0,19.0451,72.7712776626463,0.028096419409579104,0.01986716869157472,
39628199998531008,DESI,1.9990556672970896,SiII1526,457.6558948295359,UVB,gmag,18.9827,2.139702296238522,False,0.0,18.9827,101.60615101841083,0.016460239226832818,0.011639146777246298,
39628199998531008,DESI,1.9990556672970896,CII1334,400.0740260174318,UVB,gmag,18.9827,2.139702296238522,False,0.0,18.9827,101.60615101841083,0.01438922616552751,0.010174719397671405,
39628199998531008,DESI,1.9990556672970896,OI1302,390.4770478820811,UVB,gmag,18.9827,2.139702296238522,False,0.0,18.9827,101.60615101841083,0.014044057321976621,0.009930648167742253,
39628199998531008,DESI,1.9990556672970896,AlII1670,500.842296438614,UVB,gmag,18.9827,2.139702296238522,False,0.0,18.9827,77.07614764759505,0.023746416471800924,0.016791252116090366,
